{
  "project_info": {
    "project_number": "343476088642",
    "project_id": "joke-junction-1b22a",
    "storage_bucket": "joke-junction-1b22a.appspot.com"
  },
  "client": [
    {
      "client_info": {
        "mobilesdk_app_id": "1:343476088642:android:72d27e786efe1fd97b62db",
        "android_client_info": {
          "package_name": "uk.ac.tees.mad.jj"
        }
      },
      "oauth_client": [],
      "api_key": [
        {
          "current_key": "AIzaSyD0IZIOF-loN0Or_2Nd_ILvJcval9-9nYQ"
        }
      ],
      "services": {
        "appinvite_service": {
          "other_platform_oauth_client": []
        }
      }
    }
  ],
  "configuration_version": "1"
}